{"cameraMode":{"drawMode":0,"name":"Shaded","section":"Shading Mode"},"sceneLighting":true,"audioPlay":false,"sceneViewState":{"m_AlwaysRefresh":false,"showFog":true,"showSkybox":false,"showFlares":true,"showImageEffects":true,"showParticleSystems":true,"showVisualEffectGraphs":true,"m_FxEnabled":true},"in2DMode":false,"pivot":{"x":3.26540470123291,"y":1.3893742561340333,"z":-22.297239303588868},"rotation":{"x":0.0073767430149018768,"y":-0.9891725778579712,"z":0.05346744507551193,"w":0.1364835947751999},"size":12.486976623535157,"orthographic":false}