{"cameraMode":{"drawMode":0,"name":"Shaded","section":"Shading Mode"},"sceneLighting":true,"audioPlay":false,"sceneViewState":{"m_AlwaysRefresh":false,"showFog":true,"showSkybox":false,"showFlares":true,"showImageEffects":true,"showParticleSystems":true,"showVisualEffectGraphs":true,"m_FxEnabled":true},"in2DMode":false,"pivot":{"x":2.0184998512268068,"y":1.307999610900879,"z":-16.540000915527345},"rotation":{"x":0.4571855962276459,"y":0.014673431403934956,"z":-0.007544247899204493,"w":0.8892184495925903},"size":12.430922508239746,"orthographic":false}