{"cameraMode":{"drawMode":0,"name":"Shaded","section":"Shading Mode"},"sceneLighting":false,"audioPlay":false,"sceneViewState":{"m_AlwaysRefresh":false,"showFog":true,"showSkybox":false,"showFlares":true,"showImageEffects":true,"showParticleSystems":true,"showVisualEffectGraphs":true,"m_FxEnabled":true},"in2DMode":false,"pivot":{"x":0.7385587692260742,"y":5.14100456237793,"z":1.4955477714538575},"rotation":{"x":0.16869379580020905,"y":-0.10034816712141037,"z":0.017266567796468736,"w":0.9803978800773621},"size":7.087947845458984,"orthographic":false}