{"cameraMode":{"drawMode":0,"name":"Shaded","section":"Shading Mode"},"sceneLighting":true,"audioPlay":false,"sceneViewState":{"m_AlwaysRefresh":false,"showFog":true,"showSkybox":false,"showFlares":true,"showImageEffects":true,"showParticleSystems":true,"showVisualEffectGraphs":true,"m_FxEnabled":true},"in2DMode":false,"pivot":{"x":0.3699989318847656,"y":-0.11758804321289063,"z":-9.135383605957032},"rotation":{"x":0.4571855962276459,"y":0.014673431403934956,"z":-0.007544247899204493,"w":0.8892184495925903},"size":60.62177658081055,"orthographic":false}